title,duration_seconds,durationText,date,videoId,url,keep
Learn Colors with Wrong Color Paw Patrol Sea Patrol Vehicles!,314,5:14,7-Aug-17,ksvM5TF6yvM,https://www.youtube.com/watch?v=ksvM5TF6yvM,y
Bob the Builder teams up with Paw Patrol pups to find Surprise Toys!,338,5:38,7-Aug-17,y_infTa_zY4,https://www.youtube.com/watch?v=y_infTa_zY4,y
Genevieve helps Kids Learn Colors with Rainbow Candy and Paw Patrol!,338,5:38,7-Aug-17,ot7bN22bIx4,https://www.youtube.com/watch?v=ot7bN22bIx4,y
Genevieve helps the Paw Patrol Pups feel Better!,392,6:32,7-Aug-17,yHTJUFVJMDg,https://www.youtube.com/watch?v=yHTJUFVJMDg,y
Paw Patrol Wind-Up Toys Race for the Championship!,394,6:34,7-Aug-17,Q5QwZBZAvJs,https://www.youtube.com/watch?v=Q5QwZBZAvJs,y
Let's Learn with Paw Patrol Weebles and Lighthouse Playset!,417,6:57,7-Aug-17,e0bGwPFVlQk,https://www.youtube.com/watch?v=e0bGwPFVlQk,y
Genevieve Plays with Paw Patrol Toy Weebles!,484,8:04,7-Aug-17,eXkwrv3Xm7I,https://www.youtube.com/watch?v=eXkwrv3Xm7I,y
Surprise Toys in Paw Patrol Rocky's Recycling Truck!,524,8:44,7-Aug-17,zAKHyVHJ910,https://www.youtube.com/watch?v=zAKHyVHJ910,y
Paw Patrol Sea Vehicles get painted the WRONG Colors!,557,9:17,7-Aug-17,xpcDcjxqSB4,https://www.youtube.com/watch?v=xpcDcjxqSB4,y
Paw Patrol Sea Patrol Toys Underwater Rescue Mission!,601,10:01,7-Aug-17,pXexZQ3nxDU,https://www.youtube.com/watch?v=pXexZQ3nxDU,y
The Paw Patrol pups are Sick! Can Doc McStuffins help them feel better?,610,10:10,7-Aug-17,sqJfUEXjhIU,https://www.youtube.com/watch?v=sqJfUEXjhIU,y
Learn Colors with Paw Patrol Ice Cream Scoops!,615,10:15,7-Aug-17,3z3wtlnCajw,https://www.youtube.com/watch?v=3z3wtlnCajw,y
"Paw Patrol help Build a Giant, Colorful Marble Maze!",618,10:18,7-Aug-17,NTrW6mOMPBA,https://www.youtube.com/watch?v=NTrW6mOMPBA,y
Paw Patrol Superheroes vs Romeo and his Evil Plan!,721,12:01,7-Aug-17,bv2EV2csvZU,https://www.youtube.com/watch?v=bv2EV2csvZU,y
Learn Colors and Shapes with Paw Patrol Cupcakes!,800,13:20,7-Aug-17,#NAME?,https://www.youtube.com/watch?v=-JpO7VfMO8U,y
Weeble Toy Treehouse featuring Paw Patrol Weebles!,853,14:13,7-Aug-17,T2swYGj8iis,https://www.youtube.com/watch?v=T2swYGj8iis,y
Paw Patrol Rescue Mission: Romeo's Giant Megazord & the My Size Lookout Tower!,1060,17:40,7-Aug-17,qzD3PGW23Dk,https://www.youtube.com/watch?v=qzD3PGW23Dk,y
Disney Cars Color Changing Vehicles and Paw Patrol Ice Cream!,1120,18:40,7-Aug-17,frJxVvb9bLg,https://www.youtube.com/watch?v=frJxVvb9bLg,y
Teach Kids Food Names with Pororo Refrigerator and Paw Patrol!,1146,19:06,7-Aug-17,oCbegRDxgak,https://www.youtube.com/watch?v=oCbegRDxgak,y
Paw Patrol Underwater Rescue and Superhero Movie!,1321,22:01,7-Aug-17,RhrKJvAKsGQ,https://www.youtube.com/watch?v=RhrKJvAKsGQ,y
Genevieve makes Toy Cupcakes for Paw Patrol with Icing and Sprinkles!,456,7:36,7-Aug-18,2MaUXeuAmtk,https://www.youtube.com/watch?v=2MaUXeuAmtk,y
Paw Patrol Skye's 🔴BIRTHDAY🔴 Animation for Kids!,484,8:04,7-Aug-18,EoMNT1TlxGE,https://www.youtube.com/watch?v=EoMNT1TlxGE,y
Genevieve Opens Paw Patrol Mini Boos Surprise Toys!,491,8:11,7-Aug-18,JVo0m2liD_4,https://www.youtube.com/watch?v=JVo0m2liD_4,y
Paw Patrol Jungle Animal Rescue!,653,10:53,7-Aug-18,apbslSbcC44,https://www.youtube.com/watch?v=apbslSbcC44,y
Paw Patrol Vehicle Upgrades get painted the Wrong Colors!,674,11:14,7-Aug-18,b4-Wb1Ghc0U,https://www.youtube.com/watch?v=b4-Wb1Ghc0U,y
Paw Patrol Toy Learning Video for Kids - Adventure Bay Rescue Mission: Missing Cats & Everest!,698,11:38,7-Aug-18,yYm2vBHwosA,https://www.youtube.com/watch?v=yYm2vBHwosA,y
Learn Paw Patrol Vehicle Names for Kids in Fun Community Vehicle Animation!,325,5:25,7-Aug-19,JbzM3AoIcMs,https://www.youtube.com/watch?v=JbzM3AoIcMs,y
Paw Patrol Mighty Pups vs Romeo Wrong Color Video for Kids!,430,7:10,7-Aug-19,fBPxirRvKGM,https://www.youtube.com/watch?v=fBPxirRvKGM,y
Best Learning Video For Toddlers Paw Patrol Train and Weeble Treehouse Playset!,441,7:21,7-Aug-19,ycD2V9hgIbQ,https://www.youtube.com/watch?v=ycD2V9hgIbQ,y
🔴Paw Patrol Baby Pup Halloween Toy Learning Video for Kids!🔴,482,8:02,7-Aug-19,itFPNGi6Aqg,https://www.youtube.com/watch?v=itFPNGi6Aqg,y
Paw Patrol Skye's BIRTHDAY Animation for Kids Bonus Dance Party Footage!,603,10:03,7-Aug-19,#NAME?,https://www.youtube.com/watch?v=-Rxb6E5n9Pc,y
Paw Patrol Learning Video for Kids - Baby Pups No Bullying at School!,624,10:24,7-Aug-19,_HP6VjNYJc0,https://www.youtube.com/watch?v=_HP6VjNYJc0,y
Paw Patrol meet Rusty Rivets – Educational Toy Learning Mission for Kids!,661,11:01,7-Aug-19,#NAME?,https://www.youtube.com/watch?v=-Xwtxj4ngXU,y
Best Paw Patrol Toy Learning Video for Kids Dinosaur Rescue Mission!,736,12:16,7-Aug-19,cw7El_cpsPo,https://www.youtube.com/watch?v=cw7El_cpsPo,y
Paw Patrol Skye and Chase Cooking Contest Toy Food Video for Kids!,754,12:34,7-Aug-19,D9NCqkLnaL8,https://www.youtube.com/watch?v=D9NCqkLnaL8,y
🔴Paw Patrol🔴 get a New House Toy Learning Video for Kids!,765,12:45,7-Aug-19,z4MCaTh6iBI,https://www.youtube.com/watch?v=z4MCaTh6iBI,y
Toy Learning Video for Kids with Paw Patrol Ultimate Rescue Vehicles!,779,12:59,7-Aug-19,dQXTNzOA5gU,https://www.youtube.com/watch?v=dQXTNzOA5gU,y
Paw Patrol Go Shopping at the Mall - Toy Learning Video for Kids!,809,13:29,7-Aug-19,0HbezFupXCY,https://www.youtube.com/watch?v=0HbezFupXCY,y
Paw Patrol Baby Pup Halloween  & Cooking Contest Toy Learning Videos for Kids!,1236,20:36,7-Aug-19,DklThCgH-kU,https://www.youtube.com/watch?v=DklThCgH-kU,y
🔴Paw Patrol's Skye and Chase's fun day at the Playground No Bullying at School Baby Pups Videos!,1256,20:56,7-Aug-19,nSO51Kat_MI,https://www.youtube.com/watch?v=nSO51Kat_MI,y
Paw Patrol Learning Video for Kids - Learn Dinosaur Names and Meet Rex!,624,10:24,7-Aug-20,xfWwwHl0PGM,https://www.youtube.com/watch?v=xfWwwHl0PGM,y
Paw Patrol Home Alone Funny Toy Learning Video for Kids!,652,10:52,7-Aug-20,c8JayY-NtZk,https://www.youtube.com/watch?v=c8JayY-NtZk,y
"Kid's,  Let's Make a Toy Pizza for the Paw Patrol and Play with a Car Puzzle!",678,11:18,7-Aug-20,s9wMwTTq7DA,https://www.youtube.com/watch?v=s9wMwTTq7DA,y
Paw Patrol Toy Learning Video for Kids - Mighty Pups vs Battle Robot!,692,11:32,7-Aug-20,yKA7fsB4iuU,https://www.youtube.com/watch?v=yKA7fsB4iuU,y
Paw Patrol Cooking Cartoon for Kids - Pups Cook Food for Everest!,748,12:28,7-Aug-20,AQ0oLkwWV_A,https://www.youtube.com/watch?v=AQ0oLkwWV_A,y
Toy Learning Videos for Kids Paw Patrol Halloween and Home Alone Skits!,1134,18:54,7-Aug-20,lAJZJtZ36pM,https://www.youtube.com/watch?v=lAJZJtZ36pM,y
Paw Patrol Skye's Birthday & Cooking Contest Animations for Kids!,1232,20:32,7-Aug-20,7I0R01-WBqc,https://www.youtube.com/watch?v=7I0R01-WBqc,y
Paw Patrol Baby Pups Home Alone and get a New House Learning Videos for Kids!,1409,23:29,7-Aug-20,azno36Wl6Tk,https://www.youtube.com/watch?v=azno36Wl6Tk,y
Paw Patrol Go Swimming on a Hot Day and Learn about Money and Responsibility!,639,10:39,7-Aug-21,XAFRsABH-N4,https://www.youtube.com/watch?v=XAFRsABH-N4,y
Best Toy Learning Video for Kids - Paw Patrol Snuggle Pup Picnic!,660,11:00,7-Aug-21,5ZTaHF2ufuU,https://www.youtube.com/watch?v=5ZTaHF2ufuU,y
Toy Learning Video for Kids - Paw Patrol True Metal Vehicles Biggest Race!,687,11:27,7-Aug-21,ysPatzrJ09E,https://www.youtube.com/watch?v=ysPatzrJ09E,y
Paw Patrol Save the Dinosaurs and Mighty Pups vs Giant Battlebot!,1282,21:22,7-Aug-21,7hvQMPF-qn8,https://www.youtube.com/watch?v=7hvQMPF-qn8,y
Best Toy Learning Videos for Kids - Paw Patrol Eat Sushi!,585,9:45,7-Aug-22,2ZTpEkQD1Fw,https://www.youtube.com/watch?v=2ZTpEkQD1Fw,y
Best Toy Learning Videos for Kids - Paw Patrol Boats Water Play!,613,10:13,7-Aug-22,JINh4snXrKU,https://www.youtube.com/watch?v=JINh4snXrKU,y
Best ABC Learning Toy Video for Toddlers! Paw Patrol Letter Blocks for Kids!,618,10:18,7-Aug-22,_et1i-ykdxA,https://www.youtube.com/watch?v=_et1i-ykdxA,y
Paw Patrol Haunted House for Halloween!,777,12:57,7-Aug-22,BBLiAV1OWWY,https://www.youtube.com/watch?v=BBLiAV1OWWY,y
Paw Patrol Trick or Treat and Haunted House Halloween Videos for Kids!,1259,20:59,7-Aug-22,kTu8qpgaHmg,https://www.youtube.com/watch?v=kTu8qpgaHmg,y
Paw Patrol Pirate Adventure!,1290,21:30,7-Aug-23,UrRVZAqFRcc,https://www.youtube.com/watch?v=UrRVZAqFRcc,y
