title,duration_seconds,duration,upload_date,view_count,maybe_compilation,videoId,url,keep
Tow truck tug of war challenge and power wheels tug of war tournament. How traction works | Kid Crew,190,3:10,,2100000,,lU3wnikQU5c,https://www.youtube.com/watch?v=lU3wnikQU5c,y
"Racing kids power wheels truck, tractor, and ride on race cars. Educational drag racing | Kid Crew",242,4:02,,6400000,,StnUHKseC5A,https://www.youtube.com/watch?v=StnUHKseC5A,y
Fixing our ride on power wheels 18V toy truck. Educational how gears work | Kid Crew,266,4:26,,3600000,,a96JrzYpvCE,https://www.youtube.com/watch?v=a96JrzYpvCE,y
Truck and tractor stuck in mud then washed. Educational how planes are cleaned & painted | Kid Crew,267,4:27,,7300000,,ZdklTDHzQIU,https://www.youtube.com/watch?v=ZdklTDHzQIU,y
Catching criminal with police car and drone after ATV chase. Educational | Kid Crew,272,4:32,,7500000,,#NAME?,https://www.youtube.com/watch?v=-KnTLuliOZw,y
Demolishing broken playset with toy construction trucks. Educational how excavators demo | Kid Crew,277,4:37,,4900000,,rezZP9M4TvE,https://www.youtube.com/watch?v=rezZP9M4TvE,y
Police dog mystery story finding stolen tractor. Educational how K-9 police work | Kid Crew,295,4:55,,8500000,,ZN9M7q94Xi4,https://www.youtube.com/watch?v=ZN9M7q94Xi4,y
Watering crops and fertilizing with kids tractor on the farm. Educational how pumps work | Kid Crew,300,5:00,,12000000,,RmpbG7KIVQE,https://www.youtube.com/watch?v=RmpbG7KIVQE,y
Rescuing stuck ice cream truck with kids off road truck. Educational bouncy houses | Kid Crew,303,5:03,,5300000,,cRhnvdCVjhc,https://www.youtube.com/watch?v=cRhnvdCVjhc,y
Kids use construction vehicles! Educational how excavators / diggers / backhoes work | Kid Crew,303,5:03,,4100000,,3bxoNTPsa1s,https://www.youtube.com/watch?v=3bxoNTPsa1s,y
Airplanes for kids with pretend play in a real cockpit. Educational how planes fly | Kid Crew,323,5:23,,4200000,,dDUxkuDuBEc,https://www.youtube.com/watch?v=dDUxkuDuBEc,y
Avalanche firefighter rescue with kids power wheels truck and fire dog. Educational | Kid Crew,325,5:25,,9900000,,jYd6syGQBsY,https://www.youtube.com/watch?v=jYd6syGQBsY,y
Caring for honey bees with ride on truck and trailer. Educational how beehives work | Kid Crew,346,5:46,,6400000,,DkufiPGcnoQ,https://www.youtube.com/watch?v=DkufiPGcnoQ,y
Rescuing mom in woods with off-road truck trail ride. Educational how suspension works | Kid Crew,349,5:49,,6900000,,fO4h1U-shLA,https://www.youtube.com/watch?v=fO4h1U-shLA,y
"Driving and racing go kart we found in woods, hauled with truck, and fixed. Educational | Kid Crew",350,5:50,,3400000,,HgXiSiQMUcE,https://www.youtube.com/watch?v=HgXiSiQMUcE,y
Helping farm animals with kids toy truck and tractor. Educational how milking cows work | Kid Crew,357,5:57,,2700000,,6SPZ4NTHybI,https://www.youtube.com/watch?v=6SPZ4NTHybI,y
Plowing dirt and planting corn on the farm with kids tractor. Educational front loaders | Kid Crew,359,5:59,,5300000,,UrnnFHjxbOg,https://www.youtube.com/watch?v=UrnnFHjxbOg,y
"Collecting leaves with kids zero turn mower, tractor, and truck. Educational leaf blowers | Kid Crew",360,6:00,,2800000,,V2evXHMCOyg,https://www.youtube.com/watch?v=V2evXHMCOyg,y
"Landscaping race with zero turn, truck, tractor, chainsaw, and weed wacker. Educational | Kid Crew",361,6:01,,22000000,,B4VlaYsladk,https://www.youtube.com/watch?v=B4VlaYsladk,y
Tow truck rescue with kids ride on toy truck and tractor. Educational how winches work | Kid Crew,361,6:01,,3000000,,VB4Ss6Kk6b0,https://www.youtube.com/watch?v=VB4Ss6Kk6b0,y
Harvesting vegetables from the garden with kids tractor. Educational how greenhouses work | Kid Crew,361,6:01,,1900000,,XQVu8WjoZZk,https://www.youtube.com/watch?v=XQVu8WjoZZk,y
Delivering Toys and Chainsaw with Power Wheels Mail Truck. Educational how the USPS works | Kid Crew,362,6:02,,14000000,,LYOHWxVT2Yw,https://www.youtube.com/watch?v=LYOHWxVT2Yw,y
"Gas station action: fixing ATV, tow truck rescue, fuel trash truck, car wash. Educational | Kid Crew",368,6:08,,12000000,,uhjq0DrP4FI,https://www.youtube.com/watch?v=uhjq0DrP4FI,y
"Catching pet dinosaur with Jurassic Park Power Wheels truck, T-Rex. Educational | Kid Crew",370,6:10,,7500000,,x9WRJJUHjpM,https://www.youtube.com/watch?v=x9WRJJUHjpM,y
Christmas cleanup with kids ride on Tractor and water trailer inside. Educational | Kid Crew,376,6:16,,6000000,,J0ptUQRDjBA,https://www.youtube.com/watch?v=J0ptUQRDjBA,y
"Driving Power Wheel snowmobile, awesome winter sledding track and snow igloo. Educational | Kid Crew",377,6:17,,2300000,,#NAME?,https://www.youtube.com/watch?v=-MU5OFK2Mjc,y
Flying pumpkin delivery with ride on truck and trailer. Educational pumpkin chunking | Kid Crew,381,6:21,,2500000,,QuPOhH6b6MI,https://www.youtube.com/watch?v=QuPOhH6b6MI,y
Firefighter rescue with kids power wheel fire truck. Educational how fire trucks work | Kid Crew,394,6:34,,43000000,,PMT1-OWt7hg,https://www.youtube.com/watch?v=PMT1-OWt7hg,y
"Playing in the mud on ATV and making trail in woods, building bridge. Educational | Kid Crew",394,6:34,,8100000,,YfMKXt1-jIU,https://www.youtube.com/watch?v=YfMKXt1-jIU,y
"Christmas landscaping with backhoe, truck, trailer, chainsaw, and lights. Educational | Kid Crew",395,6:35,,6100000,,cbND19mxMvg,https://www.youtube.com/watch?v=cbND19mxMvg,y
Moving house and landscaping with kids ride on truck and zero turn lawnmower. Educational | Kid Crew,400,6:40,,4300000,,7mln6mgE7Vc,https://www.youtube.com/watch?v=7mln6mgE7Vc,y
Flying ride on kids rocket ship to launch satellite in space for eclipse. Educational | Kid Crew,407,6:47,,18000000,,JLNq5HOX4Es,https://www.youtube.com/watch?v=JLNq5HOX4Es,y
"Rescuing pet from fire with kids ride on fire truck, drone & wrecking ball. Educational | Kid Crew",407,6:47,,8600000,,5LELPtnjN48,https://www.youtube.com/watch?v=5LELPtnjN48,y
Baling hay with kids power wheel tractor & real tractor to feed horse on farm Educational | Kid Crew,417,6:57,,11000000,,FXr5_oeuk_I,https://www.youtube.com/watch?v=FXr5_oeuk_I,y
Dinosaur police truck chase and baby T-rex rescue! Educational how model rockets work | Kid Crew,418,6:58,,10000000,,vN7dCS4LoIM,https://www.youtube.com/watch?v=vN7dCS4LoIM,y
Boating and fishing adventure with kids ride on boat. Educational how to fish | Kid Crew,428,7:08,,5800000,,T3iNEBWxNfs,https://www.youtube.com/watch?v=T3iNEBWxNfs,y
"Mowing lawn with kids ride on zero turn, tractor, truck. Educational how a mower works | Kid Crew",430,7:10,,6800000,,nxjI0oGG-Ew,https://www.youtube.com/watch?v=nxjI0oGG-Ew,y
"Wildfire rescue with kids forest fire truck, tractor, and ambulance. Educational | Kid Crew",435,7:15,,4800000,,fR2ub94pSRk,https://www.youtube.com/watch?v=fR2ub94pSRk,y
Trash day with kids ride on garbage truck & landfill trip Educational how recycling works | Kid Crew,436,7:16,,7600000,,Fg3fb2MSPEk,https://www.youtube.com/watch?v=Fg3fb2MSPEk,y
"Farming race with Gator, tractor, truck, ATV, forklifts, and chickens. Educational | Kid Crew",438,7:18,,14000000,,vZE0nBrg6Gk,https://www.youtube.com/watch?v=vZE0nBrg6Gk,y
"Farm fresh pizza with kids ride on tractor, motorcycle, cooking and delivery. Educational | Kid Crew",439,7:19,,20000000,,EEe15bVFYPk,https://www.youtube.com/watch?v=EEe15bVFYPk,y
"🎄 Christmas for kids! Cutting tree, decorating, gingerbread, holiday lights | Kid Crew",451,7:31,,2800000,,AJgNTp7bsf4,https://www.youtube.com/watch?v=AJgNTp7bsf4,y
Helping animals with toy chainsaw and kids ride on truck. Educational how chainsaws work | Kid Crew,459,7:39,,7200000,,qfKMjiodP7s,https://www.youtube.com/watch?v=qfKMjiodP7s,y
Firefighter crash rescue with kids power wheel fire truck. Educational vehicle entry | Kid Crew,474,7:54,,7100000,,A3zfVYrDmtk,https://www.youtube.com/watch?v=A3zfVYrDmtk,y
Driving train on backyard railroad to deliver straw and rescue locomotive. Educational | Kid Crew,481,8:01,,22000000,,1GbwjlwdiDA,https://www.youtube.com/watch?v=1GbwjlwdiDA,y
"Caring for chickens with kids ride on truck, collect eggs, feed. Educational cooking eggs | Kid Crew",481,8:01,,6800000,,qGIDdA-H0-Q,https://www.youtube.com/watch?v=qGIDdA-H0-Q,y
Crushing Power Wheels with ride on kids Monster Truck Educational how monster trucks work | Kid Crew,485,8:05,,4700000,,1V_jqAUrn_g,https://www.youtube.com/watch?v=1V_jqAUrn_g,y
Clearing rotten trees with kids ride on bulldozer and forestry skid steer. Educational | Kid Crew,487,8:07,,14000000,,KtSZVnjZYDo,https://www.youtube.com/watch?v=KtSZVnjZYDo,y
"Landscaping mulch and trees with tractor, truck, digger, and water trailer. Educational | Kid Crew",489,8:09,,5200000,,gXHxHm2epWw,https://www.youtube.com/watch?v=gXHxHm2epWw,y
"Plowing snow with power wheels truck, winter storm cleanup, and shoveling. Educational | Kid Crew",489,8:09,,1900000,,ExYuxnc7m-g,https://www.youtube.com/watch?v=ExYuxnc7m-g,y
Fixing power outage with power wheels bucket truck and lighting bug lantern. Educational | Kid Crew,493,8:13,,11000000,,KyK41U1kT0g,https://www.youtube.com/watch?v=KyK41U1kT0g,y
"Mud racing kids ride on truck vs. dad's go-kart through mud, jump, and woods. Educational | Kid Crew",505,8:25,,18000000,,N3peIbEjyGE,https://www.youtube.com/watch?v=N3peIbEjyGE,y
"Finding buried treasure on beach with metal detector, tractors & ride on toys Educational | Kid Crew",511,8:31,,15000000,,0A8OJIKMPIo,https://www.youtube.com/watch?v=0A8OJIKMPIo,y
"Mowing lawn with kids and real zero turn mower, push lawnmower & weed whacker Educational | Kid Crew",523,8:43,,19000000,,v8ngc-RULoY,https://www.youtube.com/watch?v=v8ngc-RULoY,y
Rescuing mom from plumbing emergencies funny stories with trucks and toys. Educational | Kid Crew,528,8:48,,88000000,,#NAME?,https://www.youtube.com/watch?v=-sdnRAi76eY,y
Raising baby chicks for eggs with kids ride on John Deere Gator farm truck. Educational | Kid Crew,530,8:50,,5800000,,j8sGRdyLKQU,https://www.youtube.com/watch?v=j8sGRdyLKQU,y
"Grinding stump and using toy chainsaw, forestry logging trucks. Educational stump grinder | Kid Crew",542,9:02,,15000000,,3m8JcZmsvlE,https://www.youtube.com/watch?v=3m8JcZmsvlE,y
"Harvesting crops with kids power wheel tractor & real combine harvester, farm Educational | Kid Crew",545,9:05,,7200000,,6NF-4EkDQTg,https://www.youtube.com/watch?v=6NF-4EkDQTg,y
Halloween bug control truck shrinks kids ride on monster truck spider. Educational | Kid Crew,550,9:10,,20000000,,w_vkhwzGNZ0,https://www.youtube.com/watch?v=w_vkhwzGNZ0,y
"Farm delivery with kids ride on semi truck and trailer, tractor, forklift. Educational | Kid Crew",579,9:39,,21000000,,kCLLyVLFprY,https://www.youtube.com/watch?v=kCLLyVLFprY,y
"Camping adventure with kids RV trailer and ride on truck, sleeping in camper. Educational | Kid Crew",579,9:39,,56000000,,#NAME?,https://www.youtube.com/watch?v=-kON5AnEKBU,y
"Winter camping adventure with kids RV trailer and ride on truck, ice fishing. Educational | Kid Crew",583,9:43,,7600000,,9LOEHbJ2gOo,https://www.youtube.com/watch?v=9LOEHbJ2gOo,y
High speed Police chase with kids ride on helicopter and police car. Educational | Kid Crew,584,9:44,,18000000,,eMhYM5nH8_c,https://www.youtube.com/watch?v=eMhYM5nH8_c,y
Kid's speed boat adventure with ride on truck and Lego Titanic story. Educational | Kid Crew,592,9:52,,14000000,,C6dutBMi9eI,https://www.youtube.com/watch?v=C6dutBMi9eI,y
"Rescuing school bus stuck in snow with kids snowmobile, playing R/Cs on ice. Educational | Kid Crew",596,9:56,,4100000,,SMw0a4RX8MY,https://www.youtube.com/watch?v=SMw0a4RX8MY,y
"Pouring concrete with kids ride on cement mixer, construction trucks & toys. Educational | Kid Crew",599,9:59,,30000000,yes,2w-yIE8j7HE,https://www.youtube.com/watch?v=2w-yIE8j7HE,y
Hauling trees with kids ride on logging semi truck and cutting with chainsaw. Educational | Kid Crew,605,10:05,,12000000,yes,0CWpaiWMeKc,https://www.youtube.com/watch?v=0CWpaiWMeKc,y
"Camping adventure in Power Wheels RV, roof tent on Barbie car Dream Camper, campfire | Kid Crew",608,10:08,,11000000,yes,79k-2jqnQJs,https://www.youtube.com/watch?v=79k-2jqnQJs,y
Excavating stuck backhoe with kids ride on semi truck and doing backhoe work. Educational | Kid Crew,620,10:20,,6600000,yes,ty7DiU1BtaU,https://www.youtube.com/watch?v=ty7DiU1BtaU,y
Christmas toy delivery on backyard railroad with kids ride on train. Educational | Kid Crew,623,10:23,,24000000,yes,QX0RjIpG1OA,https://www.youtube.com/watch?v=QX0RjIpG1OA,y
Plowing road and rescuing stuck truck with kids semi tractor snow plow truck. Educational | Kid Crew,639,10:39,,11000000,yes,6o3zSTISGTs,https://www.youtube.com/watch?v=6o3zSTISGTs,y
"Paving rocky slope with kids ride on dump truck, bulldozer, and side by side. Educational | Kid Crew",642,10:42,,9900000,yes,dR2KgYH9jTY,https://www.youtube.com/watch?v=dR2KgYH9jTY,y
Remote controlled truck mowing lawn and landscaping. Build and use with dad. Educational | Kid Crew,648,10:48,,3300000,yes,AkHZ7-DmOQM,https://www.youtube.com/watch?v=AkHZ7-DmOQM,y
Portable toilet plumbing emergency with kids ride on septic truck and trailer Educational | Kid Crew,655,10:55,,12000000,yes,8dvzcsqeYr8,https://www.youtube.com/watch?v=8dvzcsqeYr8,y
"Working on NASCAR Race Car, installing engine, and racing remote control cars Educational | Kid Crew",656,10:56,,1700000,yes,cXuGuXq_IQk,https://www.youtube.com/watch?v=cXuGuXq_IQk,y
Rescuing mom from septic plumbing emergency funny story with trucks and toys. Educational | Kid Crew,676,11:16,,37000000,yes,LfYjI6M4sc0,https://www.youtube.com/watch?v=LfYjI6M4sc0,y
Camping in tent treehouse to escape storm after building it. Educational | Kid Crew,689,11:29,,259000,yes,YCk32nnZTd4,https://www.youtube.com/watch?v=YCk32nnZTd4,y
Dumpster delivery with kids roll-off garbage truck and trash cleanup. Educational | Kid Crew,704,11:44,,7200000,yes,dKYe7-IoJvw,https://www.youtube.com/watch?v=dKYe7-IoJvw,y
Remote controlled truck saves dad and plows snow with crawler tracks. Educational | Kid Crew,707,11:47,,18000000,yes,ZIBmtlE54Xo,https://www.youtube.com/watch?v=ZIBmtlE54Xo,y
"Building water wheel to make power with construction snowmobile, trailer. Educational | Kid Crew",730,12:10,,3700000,yes,dZdpKZNMejQ,https://www.youtube.com/watch?v=dZdpKZNMejQ,y
Building kids ride on hovercraft to help a friendly witch on Halloween. Educational | Kid Crew,733,12:13,,5500000,yes,1t8XpxZI3o0,https://www.youtube.com/watch?v=1t8XpxZI3o0,y
Playing soccer with kids ride on cars and funny giant ball. Educational | Kid Crew,736,12:16,,515000,yes,BvajpVKSKqc,https://www.youtube.com/watch?v=BvajpVKSKqc,y
Hauling bike with ride on truck and trailer to rescue dad on wooded trail. Educational | Kid Crew,747,12:27,,5200000,yes,uNhAXs3O8nA,https://www.youtube.com/watch?v=uNhAXs3O8nA,y
Recovering stolen car with kids ride on Police undercover tow truck. Educational | Kid Crew,774,12:54,,20000000,yes,KiaIQ1g9QZE,https://www.youtube.com/watch?v=KiaIQ1g9QZE,y
"Tow truck emergencies with dad’s go kart, mom’s Gator, and engine repair. Educational | Kid Crew",776,12:56,,7900000,yes,1xRKDJntClw,https://www.youtube.com/watch?v=1xRKDJntClw,y
Trash route with kids rear load garbage truck and trash truck toys. Educational | Kid Crew,777,12:57,,34000000,yes,i9JEWJEqeIo,https://www.youtube.com/watch?v=i9JEWJEqeIo,y
Snowmobile Christmas delivery and building winter camping shelter. Educational | Kid Crew,778,12:58,,4800000,yes,YW_mrbd3Uwc,https://www.youtube.com/watch?v=YW_mrbd3Uwc,y
Lifting toilet with kids ride on crane truck at construction site. Educational | Kid Crew,783,13:03,,7400000,yes,P7OiSJyzSmk,https://www.youtube.com/watch?v=P7OiSJyzSmk,y
"Fixing pothole in road with kids steamroller, dump truck, and trailer. Educational | Kid Crew",814,13:34,,27000000,yes,ooIZC4v50jE,https://www.youtube.com/watch?v=ooIZC4v50jE,y
Rescuing dad from fishing emergency with kids ride on boat and raft. Educational | Kid Crew,814,13:34,,11000000,yes,VU-RWdY02oA,https://www.youtube.com/watch?v=VU-RWdY02oA,y
"Back to school on kids school bus. Science, recess, lunch, gym, and reading. Educational | Kid Crew",824,13:44,,34000000,yes,K_n4DRu9fcE,https://www.youtube.com/watch?v=K_n4DRu9fcE,y
Launching kids Space Shuttle to International Space Station to fix computer. Educational | Kid Crew,847,14:07,,6400000,yes,SEI-vBr4nm0,https://www.youtube.com/watch?v=SEI-vBr4nm0,y
"Ocean rescue with lifeguard jet ski, then tractor & garbage truck work beach. Educational | Kid Crew",852,14:12,,10000000,yes,ZXDV3P-LKc4,https://www.youtube.com/watch?v=ZXDV3P-LKc4,y
Building tower crane to move ride on truck and toys with forklift Educational | Kid Crew,883,14:43,,4600000,yes,FG6VwH6nuY0,https://www.youtube.com/watch?v=FG6VwH6nuY0,y
Miniature kids combine harvesting soybeans on farm with semi truck. Educational | Kid Crew,906,15:06,,15000000,yes,f9VryUCXIns,https://www.youtube.com/watch?v=f9VryUCXIns,y
"Planting forest with dirt drilling machine to dig, irrigation, and towing. Educational | Kid Crew",908,15:08,,3300000,yes,k-WhUC8DOtQ,https://www.youtube.com/watch?v=k-WhUC8DOtQ,y
"Installing power lines with kids ride on crane truck, utility truck. Educational | Kid Crew",946,15:46,,1900000,yes,bEd1ri7m0Ww,https://www.youtube.com/watch?v=bEd1ri7m0Ww,y
"Camping in kids school bus, lost in woods, and rescued by kids helicopter. Educational | Kid Crew",951,15:51,,56000000,yes,vnbqNkh9h1U,https://www.youtube.com/watch?v=vnbqNkh9h1U,y
Delivering toy trucks with kids ride on semi truck and trailer. Educational | Kid Crew,986,16:26,,12000000,yes,vQUnOYW5cdI,https://www.youtube.com/watch?v=vQUnOYW5cdI,y
Flying Goodyear Blimp to film a race & fueling via kids airplane tanker truck Educational | Kid Crew,1054,17:34,,20000000,yes,yXSjU-nkCNI,https://www.youtube.com/watch?v=yXSjU-nkCNI,y
Behind the scenes stories of ride on toy trucks and four favorite episodes. Educational | Kid Crew,1227,20:27,,12000000,yes,XL6k1F1X2sQ,https://www.youtube.com/watch?v=XL6k1F1X2sQ,y
"Solving kids police mystery story as spy with ride on command center, drone. Educational | Kid Crew",1242,20:42,,19000000,yes,FHLisMZldh4,https://www.youtube.com/watch?v=FHLisMZldh4,y
Firefighter and police rescue compilation with kids fire truck and police car Educational | Kid Crew,3538,58:58:00,,31000000,yes,tmCi5ONOcq4,https://www.youtube.com/watch?v=tmCi5ONOcq4,
"Winter compilation with rescues & kids truck, tractor, snow plow, Christmas. Educational | Kid Crew",3568,59:28:00,,13000000,yes,ONV6CgAO8cs,https://www.youtube.com/watch?v=ONV6CgAO8cs,
"Police action compilation with spy, detective, helicopter, trucks and toys. Educational | Kid Crew",3611,1:00:11,,847000,yes,Ka5wNAezZBc,https://www.youtube.com/watch?v=Ka5wNAezZBc,
"Toy truck compilation. Construction, emergency, and Farm toys for kids with Bruder & Lego | Kid Crew",3632,1:00:32,,30000000,yes,WmTQ1BfSPdY,https://www.youtube.com/watch?v=WmTQ1BfSPdY,
"Farm compilation with kids ride on tractor, trucks, real tractors, animals. Educational | Kid Crew",3654,1:00:54,,22000000,yes,K3JlqruEIP4,https://www.youtube.com/watch?v=K3JlqruEIP4,
Collecting trash and cleanup compilation with kids garbage trucks and others. Educational | Kid Crew,3682,1:01:22,,7700000,yes,ScJmQaV-2_g,https://www.youtube.com/watch?v=ScJmQaV-2_g,
"Landscaping compilation with kids ride on zero turn mower, tractor, truck and chainsaw | Educational",3700,1:01:40,,20000000,yes,kBGnZoT0SDE,https://www.youtube.com/watch?v=kBGnZoT0SDE,
"Farm work compilation with kids toy truck, tractor, chainsaw, ATV, ride on, tools | Educational",3765,1:02:45,,23000000,yes,NlLcAr8aWnI,https://www.youtube.com/watch?v=NlLcAr8aWnI,
"Construction truck compilation with kids cement mixer, excavator, dump truck. Educational | Kid Crew",3785,1:03:05,,13000000,yes,65CBqihhIGI,https://www.youtube.com/watch?v=65CBqihhIGI,
"Rescuing mom compilation with kids ride on trucks, tractors, mowers and toys. Educational | Kid Crew",3952,1:05:52,,10000000,yes,T4-TuT-ZnKk,https://www.youtube.com/watch?v=T4-TuT-ZnKk,
